{"cameraMode":{"drawMode":0,"name":"Shaded","section":"Shading Mode"},"sceneLighting":true,"audioPlay":false,"sceneViewState":{"showFog":true,"showMaterialUpdate":false,"showSkybox":true,"showFlares":true,"showImageEffects":true,"showParticleSystems":true},"in2DMode":false,"pivot":{"x":0.9703189730644226,"y":-1.411727786064148,"z":2.127511501312256},"rotation":{"x":-0.45265302062034609,"y":-0.015517759136855603,"z":0.007875931449234486,"w":-0.8915279507637024},"size":9.968840599060059,"orthographic":false}