{"cameraMode":{"drawMode":0,"name":"Shaded","section":"Shading Mode"},"sceneLighting":false,"audioPlay":false,"sceneViewState":{"showFog":true,"showMaterialUpdate":false,"showSkybox":false,"showFlares":true,"showImageEffects":true,"showParticleSystems":true},"in2DMode":false,"pivot":{"x":2.0,"y":0.0009999999310821295,"z":0.9769999980926514},"rotation":{"x":-0.3679029941558838,"y":-0.016181208193302156,"z":0.006401691120117903,"w":-0.9297086596488953},"size":3.053614616394043,"orthographic":false}