{"cameraMode":{"drawMode":0,"name":"Shaded","section":"Shading Mode"},"sceneLighting":true,"audioPlay":false,"sceneViewState":{"showFog":true,"showMaterialUpdate":false,"showSkybox":true,"showFlares":true,"showImageEffects":true,"showParticleSystems":true},"in2DMode":false,"pivot":{"x":0.0,"y":0.0022481451742351057,"z":1.1920928955078126e-7},"rotation":{"x":-0.4338655173778534,"y":-0.011624096892774105,"z":0.00559906754642725,"w":-0.90090411901474},"size":3.8820278644561769,"orthographic":false}