{"cameraMode":{"drawMode":0,"name":"Shaded","section":"Shading Mode"},"sceneLighting":true,"audioPlay":false,"sceneViewState":{"showFog":true,"showMaterialUpdate":false,"showSkybox":true,"showFlares":true,"showImageEffects":true,"showParticleSystems":true},"in2DMode":false,"pivot":{"x":1.6468684673309327,"y":-1.1379578113555909,"z":3.4281294345855715},"rotation":{"x":-0.28509822487831118,"y":-0.37407445907592776,"z":0.12202106416225434,"w":-0.8740189671516419},"size":13.323476791381836,"orthographic":false}