{"cameraMode":{"drawMode":0,"name":"Shaded","section":"Shading Mode"},"sceneLighting":false,"audioPlay":false,"sceneViewState":{"showFog":true,"showMaterialUpdate":false,"showSkybox":false,"showFlares":true,"showImageEffects":true,"showParticleSystems":true},"in2DMode":false,"pivot":{"x":-2.9802322387695315e-8,"y":0.003000000026077032,"z":-2.9802322387695315e-8},"rotation":{"x":-0.3679029941558838,"y":-0.016181208193302156,"z":0.006401691120117903,"w":-0.9297086596488953},"size":0.4666902720928192,"orthographic":false}